slewrate_pos,dc_gain,ugf,phase_margin,cmrr
8091922.139021427,190.72144501402073,15380142.84507829,81.97883962344126,1285.7549577433879
7515930.14946571,228.66760902360525,14205740.955923645,74.7601138769312,1312.0969543927308
2329665.2822467876,239.48687730510375,4723746.560944954,83.94294290754442,1958.6994042451215
2221648.0693018925,234.85764533823928,4343690.159247565,83.40515251773542,1917.8239666824943
5402121.541537588,217.70856108176412,7869095.159416163,85.04019712236341,1744.8810392834744
4160566.2650908288,212.9795190850545,7542372.989198321,85.47231758797501,2366.2561646692893
6349427.834860338,150.36762201268462,11675626.332650298,87.07213503828838,1838.0361865596503
4295853.68432822,215.26048506540974,8581506.29166958,82.0137858246336,1327.7592964047335
2309180.2543530436,189.38687615123015,4737919.941252935,84.96862318353726,1231.2842467455396
2286378.583498147,144.42437208400221,4229165.336558568,85.22089607703819,599.6613844381857
6263072.937575754,217.63099903077946,12499570.70234012,80.98286932610303,1373.1429769903332
2139408.3855002047,248.51092143536042,4090347.9710180224,81.77772338717838,2439.7593223166036
6266989.418516784,162.50054801405201,12317446.888990844,85.16952905176807,2485.2747145700478
8372077.178272151,149.6385470057349,16849339.197604354,82.6661818025298,651.2774280738464
5668346.226235703,242.2076730617297,10310660.000460757,80.1886063446388,2311.6207039251603
4092978.2899418636,152.89185403871576,6675113.707158937,82.60135740989003,543.220011020969
6310939.687350477,242.09949804878653,12065049.24933094,85.28948442000011,14038.832867027444
4262327.701421413,192.4610710517235,8296931.54636566,85.73004649414847,1288.0493772928278
6340965.520845408,218.019174033366,12395388.861764077,85.22410235139333,2106.9676650204915
4392151.263859234,239.99525809182725,8747808.433021814,86.44985730626871,3026.6659375240497
7287779.088677483,213.2490640310196,11865668.508356897,78.79580939751612,1085.137507297464
6407428.548973742,193.26114702273296,12413692.884259744,83.52407663379361,1306.949458563152
4298708.734392639,192.06376004249879,9073323.90839388,83.07254415726773,1252.228447775563
2421477.4445397262,180.1175361258173,4849872.868392364,88.14230460197567,1964.2629140890417
4254407.1650509,146.9575360188095,9101390.4645983,82.84518484786206,574.7825169907455
2233281.860994952,227.32966240256752,3817909.2588344626,85.61437943082582,1801.3344410513603
4380384.088158038,146.03322202446356,7978697.929269982,88.72264706029407,1255.1614288165042
3538734.925331565,87.56255751846561,4307830.491248172,88.8248632690648,479.4391462721729
6008989.661751022,139.8295380137244,9973027.937717618,88.3248403031522,1579.7841565222325
2360176.9860417005,151.329807074387,4854539.238512485,88.15694353527336,1193.432647249682
4365940.068798054,165.41080603064538,8669517.238498481,86.90646779503632,2546.146425734123
6299820.990147657,218.34341203488518,12063045.864080407,83.13035035468579,1429.8090979439871
7117802.1789673325,162.820392019675,10531975.84253504,87.53165497909715,954.1306858321195
4165308.3965660846,255.88265611287537,8206036.176152154,79.00084845827838,2528.3332827345253
3418267.0762441,177.48893913101256,4597095.073504087,83.99718067917192,733.408750283788
7862722.181103145,257.33496103559384,14665190.737175526,78.22741944427689,2147.6322713303753
4332659.260404057,154.21632902474875,8666884.923488367,86.29539087241703,1973.5213733122503
3772155.8834996843,124.3431710417015,4835062.798878766,89.24416723212003,857.0918413093724
6410698.404740025,198.4801290219778,13288024.674358618,84.26633469595934,1369.5519782931513
2153943.985510878,209.79985821200714,4540518.604829808,80.51577212430982,1168.916744973523
6373711.950997876,190.41358302321643,12031763.520839397,82.93068482624408,1268.237457939718
2207861.8860973166,203.76035623484574,4249009.961310621,85.49546569066942,1890.519450412134
8050839.23325534,245.31695102914307,15556346.222344754,82.0014479608536,2291.300997376236
4260488.734316813,258.6738091292186,8067134.247947209,83.65067520103621,2650.796818173821
4074368.095432205,212.74566205924557,8647161.288120272,79.15420073934727,1257.03936547677
4201186.145472877,226.0013881046314,7380233.215050428,83.744877898137,1343.7280600687059
2247650.9921465083,190.98659115114984,4788921.252932198,84.48977613885178,1102.7801370665804
6337653.21234093,159.80563301078453,13141758.698661096,79.29859409271924,637.1436816339846
6405854.590207706,149.22728300879808,13677981.55701277,83.66125925809219,623.9582522886936
4227269.110765098,212.12156906303963,8693855.6421047,84.31400676593813,1961.809065517782
3960812.8849598626,278.7538431429707,7999751.2364256205,76.71027088060326,2640.525700576499
6372647.489592022,199.84842202398505,12841502.033625206,85.46208756561059,1425.5393860226825
2205430.439989648,226.80131126411186,4629615.230643316,82.16690239012873,1274.7398805348303
4361502.693827918,242.9273780976751,8639423.314972842,86.82851903680606,3019.0183027149724
6477414.3274750775,148.80934100885844,13517756.166534543,83.20557126986472,620.1376123334436
6618707.367871211,152.94914100985199,13571755.801087484,86.43620964804782,1300.5988906004693
6546579.961273876,152.98765601054896,13086333.574124772,87.46664541867571,1382.962965471622
4493796.103065176,151.01494202132824,9078052.262279544,87.49177431600292,727.4940924222506
6313582.655371333,153.2153330155338,10868476.248386504,87.96764514877484,2273.2066006223477
4340646.248473963,152.82850802486786,8512578.076078966,86.16234158622014,1902.1760921339885
6070285.834122814,214.03317403106786,11902219.637448348,78.43733691503189,1306.926235084997
2200845.8598542674,190.05709515167695,4742697.091250574,84.15012078791219,1107.728173740873
4427284.841175404,194.0511330484504,8715107.319242937,85.46215280031684,1322.9613662521638
4145164.6109550805,209.60904505949054,8819788.88651344,84.76094094811369,10567.579934875008
4426847.072524515,147.7850650227569,8412186.824607149,85.30810573272969,627.3443068095737
3640436.646448277,105.12901902199906,5160696.41266476,88.68591252367861,760.4319637871206
5883902.303332932,255.45167905725438,11282301.554692458,77.24257403912961,2078.836360248165
6538148.748917626,218.58963503050714,12968781.54863694,83.79767976369881,2062.5105742699043
4341226.898387602,211.00234906460534,8523404.131412266,84.83486613655974,1988.2415871610683
8290458.161159607,220.94927101934448,16588186.323541755,83.78877332109825,2132.174056622883
2218482.034565835,209.7028902109515,4664462.71898799,83.85071174503643,1684.3935678058108
6951480.804426083,116.39825000785893,10016770.643314296,89.41453266159914,839.5018484368519
6065562.057827522,193.63280603810026,9764079.712746983,86.69148943453762,1644.3695436025562
5343381.892714844,143.16585102298882,7999358.030828744,89.69687197672789,2025.8349366636799
6380139.9273975,160.9685600122517,12469271.372720007,80.06713465095298,652.0111390735449
2164187.586594737,211.55104120368014,4708553.520020177,80.92235904902962,1108.4065559658438
8520148.521458242,249.3292680282062,16227638.91517643,81.98319169783396,2493.506583835873
6318643.531179618,209.64310703156121,11999077.949282236,83.82471577877033,1957.4271561599276
2185886.593414819,212.0685382120966,4692004.375204945,82.82712254173097,1199.1627930775762
4375437.972889365,159.38008702349202,9067614.577975245,81.06141697433863,611.028981459743
2192746.2361905556,236.66114029593697,4639371.865861172,81.20887886201099,1759.7172358955113
5961762.177461737,214.24803302984634,12084746.343107324,78.02026044594434,1301.8080975075811
6456014.182986401,146.411076009367,12908509.047462765,85.64234937959465,1308.8935023850797
6206480.462901798,184.1138960252616,11021774.943319084,83.23799399667202,1172.8887117611846
2683812.711670203,206.22362807056052,7857265.059134831,86.10875392758606,1029.846888760133
4218425.352593485,196.3039050697515,7363320.186661632,84.81730021099024,1733.081964007725
5821153.39576398,229.70078706600597,9439252.392993627,82.58256578941794,2078.2671128259326
2303441.6912502055,146.42976807883406,4518242.856800071,88.73522534198145,1292.5228030784313
2333692.436307915,188.6443521448637,4772742.9326417465,83.34969311106633,1147.433316491532
6457165.719712964,160.1665210112951,12715778.226766314,78.80800303114222,643.9224310335107
6360589.119795191,248.54967404473086,12822858.026588392,82.00554420998142,2268.0027453678863
8602546.514463203,194.11839501344565,16180995.804010222,82.7298650645192,1355.3430770423927
8032596.461142098,237.07033302944333,14702687.108820437,81.19549795017409,1977.8276890760133
3914758.4177307966,225.95232806951458,8268264.257017181,75.64038304460178,1242.9827316350504
4582671.241643958,161.074862025867,9082169.761268437,87.17841711678194,2064.4268397751007
4036793.756565529,228.57025607215868,8728356.050101763,79.08688628309558,1321.4292722131565
8422099.893224763,219.02011001773639,16548594.846514205,79.73553803549514,1443.7865307118152
4132478.5710296556,215.77984605954302,9040070.456333594,81.57691537454112,1278.2147520336982
6105940.512113751,213.713208031046,11835269.339638088,78.09762043999561,1290.9846270179846
4465981.109189982,150.10027101999293,9264201.95998044,86.64170825725239,661.2521881547358
7563079.960513326,118.8237780063285,11623080.130687546,87.64173633460544,891.0850775710948
2268014.1203060313,230.41623536039756,4129067.0726965303,86.9918951176652,1635.2179150250797
6819446.584832869,150.25327900831257,14341646.922231214,84.82676763930188,714.2750075620195
7515375.301475012,217.79581703344275,12222098.69882929,82.94259846010134,1635.4935314422873
6046267.260879227,240.95273104189462,12290487.715466099,78.81309091744825,1999.153918006931
7644789.11669682,258.9629790314444,15019752.456528364,75.16616869127559,2123.185631370789
4361916.271968449,214.85995106246827,8933140.397505041,84.75494830735472,2073.6279666641076
4222653.792555954,235.11542210569104,7747014.213182315,83.74868460348732,1945.1006922697948
6056118.952752778,214.00461302887356,12178817.567752201,77.52233091638547,1297.135590354125
4203507.248074951,263.2764831186607,8648048.14514831,82.00589580402233,2652.984788248755
7532955.072509754,238.7864270251256,15193483.23306484,76.4212965265246,1982.84940916419
8419926.67197869,220.57492301809478,16785983.52034581,80.92859410179852,1522.6035379542275
4400543.738841681,224.72626207538056,8600520.060187899,82.85378180955495,2527.1726703164163
5977499.576480426,208.2935800301828,12002404.736856893,81.8572101762897,1921.477154586763
2220887.2877896847,234.98963229823153,4539245.24581034,80.35781395106444,1753.9250153388855
4394393.601411731,159.38924402269618,9388724.141810488,83.61256084799554,645.5764834128479
5716201.929290605,255.30821605548027,11186124.010444762,75.78762934388143,1989.0220120584368
6617156.508943233,146.18099400811445,13841181.874725495,83.5239246782735,1674.406766057568
6227530.535102664,158.98922601449598,11845560.515568733,86.44560132217632,2502.1559766895066
4383337.424000298,197.1447300584889,8102160.360637878,87.56399735735945,1396.244217668553
4117014.076161528,238.35013409308146,8316351.746083237,81.39173177434597,1977.0568803831318
4341147.900760852,215.83701206763996,8507716.673992088,82.72726933671856,1340.9531368725195
4292853.270839169,192.95460004442987,8981622.084555028,84.09916901196316,1291.3491555209728
5712452.979146954,184.67928304644798,7892438.435137128,80.6233122140868,1005.9493698917136
2330910.1886137854,213.0680482147071,4760818.16336784,85.70816644977674,1824.5044737196858
4083363.3589568427,212.3390340625393,8344858.7639661115,79.1451417432636,1269.557623861488
5800144.000948381,280.58226807053074,11525589.570209526,76.00027496271834,2637.4798940911182
8418136.283584846,148.98925700547215,17027633.664921366,81.62102053134461,632.5865860812713
4127306.944997796,257.28933111228923,8333417.630622498,79.11980998885294,2521.154601743253
6750251.133769134,172.86776001491734,13247090.8225428,87.36480562413949,2161.182475249264
4236665.95297664,213.66255905719083,8936313.238834118,79.68282046836417,1249.5119136518233
6214069.911019387,215.46208903031078,12251593.184956884,79.30916872251447,1337.5522506407306
4129462.5651585353,212.2617510613064,8414711.233744606,78.92358968070145,1265.8349004652132
5501474.154673442,227.4501690339957,11672200.166165058,74.25582841941343,1297.8026608913624
2245573.9604970566,147.9425370664685,4913017.05358058,85.1676881146956,509.7552574962049
6392267.260986127,171.15571101884515,11664631.53018013,88.40958779835361,2637.2292703132507
1777342.719988428,261.895012424491,4626983.116504982,85.04607735366946,6148.875269871838
2263729.9323765947,199.6085112455128,4003141.534912113,86.26759305715267,1851.5029934501283
6030291.3489102125,241.50060704367343,12227499.772342762,79.98628350814312,2027.2755214022811
7377060.2761161225,249.41975105548644,11648893.809083862,82.31558775012927,2461.214390179629
7779673.593744882,225.98712902658295,13757439.436968602,77.38962959281717,1279.1298671949062
8407990.344948797,199.20717001324488,17180052.288162887,83.39543204548549,1404.1329851168016
8778756.807992063,121.29709200281033,17884398.824874107,85.07015040234968,619.3195590946044
6051169.509897073,216.6586710386385,11388120.32889591,83.07408067507886,2410.7685414360426
6435231.782555789,219.41603703094302,12751505.714300292,82.11454212697484,1442.5148346175454
1986440.0843783198,41.36486850826768,2084208.7811244035,90.8545418680728,135.6443420058167
2215720.4156832034,227.98149826989393,4653661.558905826,83.44221370887773,1317.4918181363637
4426121.082548478,252.6520500999795,9022883.54021535,84.97592751628869,3840.182803035973
6021912.7874704795,241.10111904261345,12258788.631117184,79.27377747906918,2010.1768253277232
4362224.116666418,191.28755804607943,8686178.653613694,84.01541521669911,1294.1951500581795
2281135.2202679114,165.5619170965713,4741913.491748674,81.6560577353918,577.751459421975
2970825.469015739,157.0302431331974,3801897.6153990873,85.12539071098337,607.6794424413899
2186639.017886856,234.88991830253508,4503437.8035538485,80.34254955883287,1736.031293891462
7597465.44075049,166.66584200734226,15408912.22067729,73.79749644047358,637.2291236048503
2246257.9828820373,162.65617012362486,4208214.426533912,89.01705363238364,2539.709584580413
6190714.816099449,143.55456102118643,8386294.470349534,86.75848733874867,980.9697234420291
5915680.170906014,165.8867980120599,12222947.369675618,74.66410613410514,599.6303313950209
4326687.319908654,238.81994509707496,8237092.529773412,82.77206031087245,2026.5269274025318
5810028.018541352,244.7872090596069,10630925.417188955,79.47431216680147,2420.0316208162676
2260448.2341218838,246.09921937196964,4517226.203665393,86.86160055495209,2161.392167066607
4134599.9159011217,254.54610912365658,7940551.132188657,82.06129516004816,2567.6318474111094
4403007.433208493,145.1380240190141,9023427.144369941,85.7797808861871,1275.3684813383013
6136135.679935274,207.61002603034984,11948839.233816698,82.26283306510243,1917.0347858779294
4176534.139416347,190.41858004172087,8958800.848939607,81.66451422822871,1230.3780332469532
5330416.133464777,236.5088130912955,8243575.152481149,81.04523419518581,1884.8962427472156
6287235.5459600445,193.5476000208551,12912585.242441628,82.1573889387764,1293.9357801985482
7694809.895121476,284.54550804623943,15053047.05283535,78.64390797790043,3091.0652633316927
4199301.8010512125,209.18494508632887,7288709.900772537,84.99861602760795,1215.5595390105948
7779393.183726899,212.4508610297735,12438083.949331488,83.0356903766555,1641.5947849420356
5353421.946100539,187.83959705543435,7763830.929049132,88.57304085540272,2205.380512467768
6185054.983091209,217.78539303137796,12433921.884820022,81.24357891418965,1374.1759657904609
1739866.8426246813,261.0357724120819,4662851.897305877,84.39648667420445,5318.540018873753
4413643.182055397,217.90263206332526,9073368.713617075,84.91826181263872,2004.357662125449
8604907.682742452,160.25949700619364,17462279.998644624,78.96272840255992,684.6179916582737
4242149.33696513,155.74971502459172,8812363.545612391,85.40444801846064,1876.5134973402514
4434124.451375018,218.73567606123916,9192619.762669189,82.78635451547248,4590.360618183399
2307672.70144552,147.8683400750896,4688113.904679019,88.38243051018291,1249.686597316423
1664636.0101105364,78.12082306845207,1885165.441341825,89.76941552628826,494.701160386364
2309978.8046789938,260.10689538597137,4737094.682146776,83.17874044878363,1930.2976556632357
4702112.234819602,178.92996207177484,6275201.574101175,85.95164404279222,1338.462412480547
4093832.848259522,246.93484815301096,6982786.636611458,83.87172283029906,1990.4522759067725
4064808.897456591,190.60620904316144,8838138.089434138,81.97708832445355,1213.2317608554765
2241979.5950075393,256.6648045498172,3924016.5303542684,87.54193271369141,2675.488450520858
4506492.6248689415,160.39088702489786,9096675.185112616,84.47425989392895,692.6675014382917
6258282.328202585,160.1314680118305,12868243.647092443,82.11091982358924,748.5133077668372
6502176.208667187,220.20803503428027,12342644.17990881,83.99805845454026,1653.0890303616482
2278473.578344348,160.86156810351042,4519503.773637185,86.18157777257585,2334.4473106354335
6300329.548780451,188.77244002342738,11819773.927085321,82.60692628340938,1270.4321607192448
6557572.661741406,173.55218401543382,13081316.57515683,87.56397951795005,2140.4498015902823
4275064.254855409,202.04706804815962,9314705.367650557,85.97764432229995,1410.3161649785204
3950237.845288336,226.03674508802578,7459877.663754173,76.62912324217213,1252.9877256534553
8183147.42186124,190.2238090139137,15364069.230611106,81.83920568571082,1251.4821453609113
2228928.534505769,225.74452136876965,3875220.890023294,82.71524701892261,1816.4977513453014
6459313.346190512,173.77756201477666,13431643.97214669,86.9611988589329,3114.4832101026304
8341126.296761898,157.5882810076032,15991592.4531954,86.33349002141824,1931.185299413106
4256071.208571419,243.0638550917616,8760488.983840898,82.66070652452471,2081.252994125813
4187341.097166983,238.11741709821789,8124746.148181168,82.61157884648453,1977.3864291359473
4344367.52848621,214.77096406032447,9057831.68511511,83.96572837173002,2013.5647067357163
3958706.1145502753,226.2962721056516,7217485.73811737,80.93949730290234,1761.309838210485
6413254.468261715,212.483924029131,12552740.72121094,82.55741125613842,2055.749342622469
4161133.7512799213,167.02662802927784,8402162.07721709,78.27120203622039,634.3186999288664
4148910.5687547503,178.00807605713902,7042883.400853173,85.23799966038824,1093.499804434331
7799507.378734252,194.6314480216955,12975893.324660223,85.26805047213344,1674.7650496844396
4154018.9572349335,213.78598905844996,8867533.308288783,80.01594255038322,1266.2343439310307
3418853.490718763,217.6325801949081,4940057.250312156,80.61489942621478,1578.744823401422
2280298.444696235,171.15939613576828,4348540.53739108,89.1882816103772,2644.0722363405116
4472329.223098595,120.24561801013579,9326646.912463935,86.61322551218375,578.4895124387424
6147894.558912055,195.00392502125086,13009254.67052359,82.71979363747643,1309.1929000104424
4166319.493823848,190.34596504367445,8786936.416559722,82.4851069993014,1251.466938750182
8480702.719040459,148.99223700592705,16315653.28012802,82.1155659131908,635.555197993737
4296566.13243677,142.1864880211353,8275670.263615172,87.12880564281397,1236.8095665667413
6087083.578428073,210.48152003514562,11007758.462006813,79.10293694546273,1224.812422003727
8169866.885200685,218.89237501791925,16423786.823303076,79.70786292856376,1419.0479061063913
8465918.992326563,194.5898360132161,16378533.950528396,82.35354985154284,1332.2932330925598
5725543.096535452,166.53249202746622,9279168.221667623,89.48846079269028,3265.0036104414594
6310422.462006503,148.2399810085828,13571170.621559495,82.07046868470816,593.2596384287167
3516971.0673661083,150.89493807439064,4816564.793371955,86.57895237348092,1060.5141114530797
3986996.4971237746,229.20175413683518,6513593.075184463,82.84573032220008,2078.260512273744
6517616.304809044,167.81139902765952,9201164.305081418,84.06209757935898,780.2489280185581
2296336.286070026,150.6038500812866,4637908.830987003,88.9275401443431,1337.6888107194302
6572714.972342657,122.0458520051459,13370196.747337531,87.05604927009942,623.1319404897272
2159655.794703511,158.7967780850161,4696688.310628707,80.15518830480067,510.7058791449165
8014802.579155874,210.71770502077376,14245822.594369853,78.47670687131772,1249.1063187547056
6616818.395626161,149.16713600861075,13815069.270538634,83.46219769765153,618.6457877249848
3971113.5606400287,211.97067906153242,8343131.903352288,78.60567916046391,1249.4323570206423
3935723.218453478,245.20744113551802,6960309.644704503,78.13595202964274,1770.6291493475323
4294256.735291074,159.389787025672,8992838.935079971,88.59695421759619,1401.8001519799338
4337022.945950963,149.0939680248978,8155735.756293639,86.48300908774232,1900.9246691749372
4177271.960461451,213.77500105833468,8873686.975193745,79.97169642215901,1256.0554431180256
4195340.208339857,258.9051091132341,8457156.671109132,79.8163611139523,2522.417083383305
6217814.3836052995,207.25346003000308,11947728.653442437,81.80777648225938,1909.7746043174811
7050223.749700705,205.29908403234208,11192574.763822801,80.26676839957341,1414.2269434679708
2247151.6794120176,148.18308706626073,4927394.209117277,84.99330900568779,501.4770133498351
4221965.981830574,137.70832104510205,5332532.370446977,83.873265112483,657.6677178328897
4275964.089974531,159.39971802240146,9406329.494416445,82.73131061269518,609.1099211169741
6073156.16414279,210.64598002904464,12355783.411654059,81.4356524948937,1995.447897705363
4214884.818099579,239.10525409445188,8343483.735174544,82.08925834756035,2002.3996221430377
4312479.780409347,146.63244002265307,8250558.302608614,83.86618109332561,611.4939399161648
4349004.04842659,191.77995604277993,9018597.126272853,82.9906571709151,1242.6713011083286
2159038.859549758,247.2420324405463,4023840.615914884,81.82424815620138,2422.052766535888
2228908.260863233,188.75430815341767,4671863.40644773,84.22377339275893,1161.9428832597628
7734763.230309518,182.70221802027137,12140466.17907142,83.8030707763713,1470.7840884532748
6805080.718790091,190.005412019636,13309697.263389554,86.94230795759012,2769.122724033512
4072480.724776389,230.8451441001413,7598496.4995749425,80.8009622950741,1863.0798022156193
6274690.96096289,207.6153740303194,11969058.356411947,82.46698269910674,1933.452176974731
2298769.3662789464,156.40590610163272,4373538.197568174,86.70033689466935,2484.305427738362
7319172.236832631,233.5839370380417,12455818.701714957,80.68231252712086,2148.204015696234
2320089.008187847,158.08844508108325,4934587.482704143,86.78967794460645,672.8727095381166
2274983.943245569,130.85316104395034,5053637.88284163,88.1432098255765,569.9131687788075
7136679.457301374,181.67216602703456,10576033.38728357,86.84070421152403,1524.6094048487791
4262471.741744361,200.7842020650252,7773961.262154701,83.39704497984366,1862.6576710865907
2405774.197114704,172.71809111266464,4818348.666453905,88.52953438051387,1990.5375928736285
6040670.213373408,159.2853200107736,12774159.317526013,77.65765376086947,591.0434924137
7777290.770964317,208.91795802362057,13782261.191063948,83.18194764814542,2248.805814107394
5279934.312672947,240.44412208740755,8437730.690215308,78.60932135045407,1917.6182639397862
3732832.7361092013,207.1490841476729,5492398.536948993,85.13418670722623,1713.0579975866503
4105254.8313072193,238.78482009288118,8360367.979128319,81.46640056097016,1981.0957042669306
4209929.069590865,165.21874902517632,9131081.259064566,79.61227351145587,616.5334664135902
2286987.8173998804,144.0538910942181,3973054.808966699,87.62117639326252,603.7736551279116
4383570.937860017,286.627575157042,8502079.239600746,81.74685920758037,3165.2309436400005
2192967.8285226957,282.06025555917785,4450316.946814063,83.23564881716727,2610.270516396797
4140845.6431297096,226.37929610409455,7524499.487329329,87.7381841743315,2626.150110950924
7527448.160904078,239.31990702644924,15164019.116688399,77.88599081097585,2006.7522725877316
4117045.9528303375,213.1367900581925,8786184.554829322,79.37468525506036,1251.2698823427083
5763851.425175538,166.25757501971617,9895591.341245852,77.05576254931681,589.6955807072648
6557505.072198815,161.44507201316654,12608149.885242125,87.10573698746332,1983.5055042033296
2124768.8070148835,219.64506039820662,3605779.3484399547,82.75976437762682,1677.5694946156298
5709512.786354772,165.0554260285364,8883739.407529538,84.91430990526287,931.6318736634096
7091561.420171677,218.12535904634868,10463835.625345305,83.66591460982092,1776.614702901841
6382963.679752643,165.14011801528764,12183848.243095253,87.00326775131958,2550.701166628982
7820200.81407286,193.54178502059582,13173286.197574012,84.26970659972761,1638.2790755258595
6219474.371674278,155.81539801248346,12308678.45647544,86.29454097764739,1935.73763714444
6378696.042000436,216.78715603750237,11736242.591673411,86.59643591275301,2235.412850054022
4459113.892051903,161.43729102898197,8557483.150142413,85.686407242436,2457.069433145584
2169533.21832163,213.7091912107412,4768092.757162306,83.06961653791144,1120.2627273118928
2189521.7229667185,239.27735031023545,4669710.400737861,83.27488035220361,1788.1026558617696
6350879.318936127,132.49640401038008,10648495.032096071,87.10623352426039,1090.9060931736242
4069156.0342437564,138.62368303049527,6667920.5502373595,89.58430569185623,1112.2129273576709
6527830.072120409,149.8073440095881,13287826.311036002,86.08403329652035,1280.5508234862418
4349530.668453503,232.45433108331892,8721540.971259277,85.36337585458139,2669.2048777387313
3896428.7821304933,239.64746914222775,6566391.434301994,78.65053944742431,1670.23752307235
4350725.428413345,147.87093601869483,9279418.770630823,84.2134918595947,593.1484917439694
6005559.643918342,214.96584802878013,12384363.846154507,78.37023108784882,1317.420457147415
8383735.288321118,220.0437970172241,17059281.16281219,80.03801010114213,1500.1124686383207
6682085.265290827,227.8896870339846,13201083.043819884,85.13388743819823,2387.5017500878316
6259197.959756406,194.11933002154424,12796134.27943399,82.89702068031538,1316.4540806828197
8131960.11013113,243.20002102611215,15798907.92029167,79.36642789195511,2126.919789926936
4424621.433252185,159.97418002403168,9182980.746209547,83.67472893469002,657.2353749661995
6029320.204227836,206.83523803166088,11715596.57390574,83.06822893734574,1905.2912447905262
2096185.1185669214,244.86284948045696,3738330.168867365,79.37207037859345,1817.6074062899622
6477732.885300096,148.0734070105928,12392658.469357481,87.48232442773218,1286.4638467722093
2333327.929194306,149.5349980681537,4954438.937709221,87.43605634590008,575.1825715350988
6659557.530669479,150.19019300871588,13973789.978999916,84.73895656179549,653.8884908109178
7693300.692426514,214.66002701831528,15213851.549509807,76.88008991057201,1305.067054140929
2247224.395787452,209.81485125991944,4155969.218108137,83.20416024939378,1248.005770130896
6589926.368640673,119.00866300528611,12561016.118757924,86.45537129013869,614.4178376786796
6432114.132899839,251.99319204817374,12730645.567414882,83.69477156091092,3207.243136084863
6476095.443895303,248.50998504869003,12391274.004257288,83.55117702817147,2423.412561519425
6423645.962716899,264.6098270544067,12547058.540676022,80.17242279620824,2637.6195571210455
4348239.253464734,195.03160204524184,9080155.969909217,84.92593970728436,1309.6526727403825
4073540.213195312,227.19773507726921,7980456.795140023,76.83525950309351,1305.8768392390878
2132226.365659307,166.36344109633882,4626042.164551735,78.07388002273986,506.24672022853935
4341460.19358439,262.217777116024,8661797.781725844,81.50158161805332,2639.482996500613
5294284.586499854,111.96867200253742,16421618.901149126,83.46630429738043,492.5936966914082
6178036.80223073,160.6084710127437,12020100.35427206,78.33954665863327,629.4443834798374
5958225.7840812765,260.45919005319183,12091593.28824283,77.54413879913434,2123.8016597369156
5172912.951418955,186.51924305822214,7415017.338976587,83.81656080318885,1186.5785713921227
6474642.5969917085,165.0260620121332,13019792.699229244,79.62480880212472,737.9620633104505
4869852.517775997,177.72182405769976,6891559.208647873,82.93837773714823,1082.750303396481
5883555.066667772,239.59149006254293,10125241.79935113,81.05465056511159,2265.313800938094
4304031.843460246,147.09383801866664,9159875.828246448,83.07172600738245,580.2915656874012
4341686.461852092,157.32419602473638,8941459.13551071,86.04389932033342,1960.0382583294993
2260690.619534704,208.90208720822034,4669293.83512591,84.04207597683921,1762.4798519056885
6047478.113511792,209.38792303947423,10613594.31405569,82.62898162218832,1214.3003592602506
4080631.5356640774,253.53072112191947,7712444.6101012705,78.49611409954768,1968.2092250028168
5745296.8151946245,227.75376203418924,11688572.570889264,74.42680482134666,1317.8660873096305
4050017.363920942,256.7762021069673,8308342.374600074,77.35119145240121,1995.6174421041967
7952504.068442467,240.1438810270087,15318145.344787272,79.35623510750497,2031.7563101433886
2316107.5298069934,258.97592240631263,4596757.080651362,83.26531976256274,2449.942525094183
5636788.058889352,142.72209102010353,8364072.029471532,82.87191205369837,475.78353286031756
6509874.538812996,195.1425680207592,13209947.451595021,82.78580048886185,1324.0040344701422
6214511.5954852,155.59193601286302,12145089.703444192,86.84497309175445,1926.8953436786364
2092606.6065809021,254.8265153751176,4522217.698004283,79.22533791465828,1736.2936061162213
6371334.261752672,149.33791500960317,13201456.492494695,86.0496849016046,1288.057340078061
5261226.727530738,166.35135304614369,6936405.950781516,82.12541260752691,861.8312849977949
2247023.149969638,249.09405836539503,4638245.374259345,86.86040926127866,2247.689235175321
4053454.1730218646,204.5289521009617,6548086.906226198,88.83840040973166,2348.838781689808
8085060.702411284,106.60349300372395,12732703.167690087,87.28477639441562,510.4485616814384
4333707.323987919,171.48206503087772,9147105.76113366,88.40142631797467,1723.1884352980792
7938153.265790742,225.8524750319572,13180996.69493138,82.44501085890093,1792.129849270645
4177005.994394135,258.4519721146051,8331247.623821025,79.6813596940607,2091.76612909699
2129119.4336049547,234.83995730262663,4494763.033583548,80.17325822743473,1727.5801263908368
6253756.574971958,247.82055004799997,12396503.437989475,83.12427126781766,2292.560553352708
5699322.856839751,228.9719520370747,11613324.129903484,75.81588785396006,1328.0179480654995
3354787.208435928,156.10299509056577,4622034.072090597,87.22172901081746,1248.8706412818326
4464256.298263839,159.05210402291317,9365886.614213042,84.69256839505941,709.6909554497538
8536492.7779621,148.29116900513327,17320080.334285736,80.396401510957,615.9943676008592
2235126.5639853906,178.74384520485182,3752702.6550776167,86.61200090068763,1127.995347810453
6120195.996366593,257.30757706026077,11652696.48685426,81.3810165994546,2622.8306863028433
2196781.041280956,135.35795609621087,3631067.392233376,88.26080953771425,1604.2908814101822
2147823.0298829526,224.97264924952916,4591030.395418588,79.28325853157277,1164.5884066930228
6134354.536835079,210.79015402993656,12279728.209079208,82.44090799865008,1954.533515597141
2053541.8193667864,251.05350342772905,4068527.01769598,78.95773173046959,1890.8122121349882
8069155.309015268,155.9877260090951,14579106.655273406,87.06323547896636,2369.756645121361
6663940.330116734,122.81959800490255,13865747.332584063,86.8002457435256,625.1313382726522
4259817.897678702,216.68447705945385,9142960.80147978,82.23185463908828,1330.758491269863
4271868.446333231,246.2437701041648,8534367.299187308,87.08151613558965,3139.970003278077
6362100.265048792,153.93292801206215,12283142.678658996,85.86693507054287,1909.1881912262295
4244848.893474609,230.83284408739658,8415933.281483583,86.01861072431319,2643.112404137614
2139673.201082349,120.39883809245397,3085001.345964426,88.43768788152978,1268.1591745188202
6340811.091240279,211.23128503198765,12069947.302847458,84.20585360070125,1967.0879091078393
6527160.073925978,148.50500400948695,12908305.149518404,82.98858514985446,628.5288745837659
2309491.414252925,240.80103430868593,4739687.065629966,84.08595865944629,1868.4883410508112
2295014.87056562,190.12438417068913,4520652.201759658,86.42279859114099,1283.4867879841213
6174072.1116374815,183.39496302770604,10548358.792629892,85.5779884823767,1146.7992724810904
4587792.9858499635,218.33293806240084,9169588.0880205,85.0994800296049,2128.9373115117914
2146124.144641797,127.71679309800918,3278447.5198492613,88.84475167534745,1445.9163218502256
8504032.94427614,220.27912201829466,16631125.622641519,80.93291333770264,1519.878061070288
5892993.372096745,208.4407620365348,10600303.029001813,79.09871960442041,1191.1476353637017
7957913.691194306,253.28503303797373,14093822.06316068,79.63869863909161,2184.451455012336
5570057.116388737,177.43790304101464,8292351.6912486125,87.68710914976334,1400.5418148794806
3091452.0607695132,130.86796207998051,3746807.477616563,85.62008016391522,589.9373289475622
3946967.099127405,165.83861202581312,8524998.513103558,75.45242382081997,555.6322134909082
4149023.6778849233,189.85352104373,8723013.685644053,82.1469386611759,1263.9754335940931
4299870.91718654,245.20862708959055,9000524.25336133,82.64354494291736,2089.3509014098277
8811254.031536758,199.6308070140506,16775496.084165711,84.51026172982664,1486.24632201191
6184712.926221371,197.93740403366238,10700163.076749025,84.52067850991276,1756.035127705444
4233565.640284903,238.87900409343192,8602217.629097885,86.45760337407685,2776.8278259349886
4206313.439119201,213.71140705752637,8918529.833961392,79.73483014704546,1240.386153373333
5952315.8943828195,218.83662105200105,9724122.968651796,81.08267043324787,1641.4161543059638
4190472.201573031,206.89654606273083,8300583.345004333,83.24178773010227,1925.8312954789158
4325914.762933012,213.46602906252767,8825719.537047686,84.42052760162328,1976.2739655300236
5059249.487388272,182.9314480165421,13603307.183115512,83.52283109329113,2057.5206433408052
8519076.626424363,221.06932001732756,17287218.81023756,80.86175883930281,1630.9447464145176
2419193.6669924664,250.9710593390407,4835422.747602121,85.4939597201736,2090.379251899132
4050027.998576742,129.68151802603182,6490449.0637755,87.81897997040987,1452.6174704545967
8167883.152214161,131.37062300636418,13435421.546338735,87.28182665964897,1047.8158826398408
4246988.072536734,241.4845751071962,8028620.07245311,84.8751370440737,2182.5995107237036
6434526.769118537,224.13844903172938,13031547.97461431,81.52601563203399,3337.984557772957
2127523.492508729,67.88909680085452,13611311.531643122,86.54291208703118,90.39646893454501
6374871.726873367,230.06909303942356,12321096.162279388,84.06523558195794,2664.196323742155
4116449.7772681597,213.4672750631106,8492609.930924993,80.27189268084551,1285.7700527363238
3940729.6433156496,254.7604751057749,7988237.194500973,75.79308523493516,1996.295102260256
2301819.1611297945,158.8267750864693,4831476.454042888,86.99060947156018,664.549683881695
2196758.955638644,158.13078110584482,4212888.803695542,81.53269961366115,600.3124426116032
6456021.169220073,195.1071380215227,12964975.781603618,83.31882436847337,1336.3937534000092
6540653.821998624,160.2984750110985,13358644.751491107,81.90977383642803,686.5190972854886
6639300.698879951,149.27141300888022,13617440.019554744,83.78572712208981,636.8807630403167
7797185.191631346,238.06098802934943,15208844.421647808,85.86506088315605,10812.056897168663
4173746.8714607,205.72331906612908,8014028.706512693,84.33702951403595,1886.2051447898111
7773988.305034179,212.85357602055242,14574221.230990691,78.67102593144068,1259.264817087234
6149599.097312574,233.60585004939895,11137317.156023897,81.53451528014759,1896.4502584023494
4238209.292825307,153.92817403146375,7658564.934519929,88.04024320665194,2379.34327987923
2239837.3774507884,198.78433325047067,3944544.966429195,86.36333046273532,1809.9903321346221
6178475.582793821,167.0925110129956,12206415.038145043,76.18431288999919,652.1224529595638
7266016.487404988,232.30729804199675,11676976.176726643,79.2035823143027,1611.1193301281473
5952252.76125745,0.6440955050000547,100000000000.0,-7.377965268531341,1.6285214378332642
4283413.192932773,220.7881230659874,9059640.780949932,84.93655245375975,1590.4741483920452
6408908.242897759,155.86738901288177,12170505.495681683,87.06953357264318,1910.9193446490024
8394611.788827457,149.45850400600614,16364307.303457836,82.70083868843909,654.746020652548
4377650.816348422,155.59340702417256,8882529.582365904,85.6340198880848,1957.0197666890297
4484073.137690551,157.72515702453737,9008547.473958353,85.8493725770034,1905.6484195946177
6239165.560176925,155.40190801203437,12430925.517328212,85.49837822180366,1927.817629850311
4532293.429645631,233.59389808047854,8938278.898625797,85.0216543109784,2775.67123555905
6270740.666606895,148.45736500899312,13312029.41878423,82.76537802449798,612.0504395903242
3010884.26665312,132.339628079536,3830324.409550435,87.05907994188186,1079.6665482823487
6242412.542761125,244.96170205272296,11784554.162998904,84.3825144847978,2331.2277563106527
3679825.2068526973,110.12806502495596,5200579.678090504,88.56034387101309,1115.4756417187798
8522730.094124936,217.69841001946895,16106489.281698583,84.11806990144191,2111.7230370787497
6593810.358537171,165.1953040153735,12163591.652300876,87.18647511546165,2564.3990619763526
6615220.549366116,159.48472401107898,13661550.351530438,87.30686385866656,1374.8045610133836
8631676.618973227,162.3639860076458,16109626.44430497,80.73714022493233,990.9489628751093
4168465.3849047096,244.41582011128298,8050089.037620486,85.48577021672732,2185.5144872813516
4326065.780952151,196.12112704441634,9237890.736274425,84.86013274933948,1294.1400404497963
4191342.4539046288,231.0035830801479,8595685.803603116,81.6286429607435,1448.1115800333018
4232204.433444638,224.31547108764488,7982832.318482131,86.1427442879234,2551.259905245792
4506613.564779617,159.4737820252597,9039318.485657921,86.32286207840691,1895.8268919817617
6523523.402394019,149.33121500941982,13334984.746529667,85.72596732432761,1273.7661812290542
2999653.3232623395,152.19702212163614,3799708.823929573,85.29299208364245,851.1554830488608
8402340.594972473,194.53469501231447,16877280.287009243,80.96752645629259,1324.3201401473939
4108804.5883232094,167.99833808044636,5491586.72883976,88.84551466014317,9666.269816930459
4458879.420636878,149.26716601948593,9324765.170310844,87.53747739403211,845.3911765517901
6430341.865682171,162.04707601071385,13564522.083332349,79.26280073683978,764.098526864513
4123276.4393820283,256.92614811622695,8241894.27589353,80.20691953846112,2528.5336764122126
4240770.534766259,158.8848440228758,8976561.29656808,79.04389965878765,567.5687358485606
8836626.37239585,168.61693600972134,15700009.573385363,87.2569183090913,2705.009087241385
8800937.027631927,150.97148200594606,16960390.76589333,84.51782560156715,681.2403981698792
6350263.691217903,246.35087404378015,12697255.462727768,81.35522568148616,2170.3627580953766
6345267.923655561,147.65529000853502,13408124.498726416,81.09289919904366,584.8147577392574
2338022.247186441,189.8784011568147,4688410.162848309,85.70677815327285,1278.0401968209155
4361856.750298577,227.14225807563085,8888561.501421856,86.8572674437818,2332.162706289558
2157109.3867520588,209.90629721123813,4554979.412327085,80.57480207931917,1165.2240798590049
8379691.339725905,201.8258470149228,16574812.479412748,85.22414183397059,1503.4139013213123
2258689.322753195,193.67246216138994,4769291.447628975,86.72109180845626,1268.3002670669841
4225509.924317417,206.40068506164445,8312176.838394538,82.61454635232307,1921.9878547845894
4023932.0824526497,184.5183990765339,6385612.15733034,86.5715995597964,1507.7477017512758
7519972.297554102,174.31407002022192,11568415.219697148,88.10241138076667,1325.948509945702
8258706.777672487,218.7318840209482,15503676.10662328,82.61914259082725,1496.3503177486825
6171493.757908732,258.2355950624373,11458373.394924408,80.90052623090689,2223.4731088561152
6434596.409563273,145.37507500949624,12628593.463741474,85.60338695894228,1263.3941156112962
6373048.819712919,227.17760404083114,12049356.483490784,87.03322902706549,2893.6688863231866
7098997.15158947,252.49216103431527,13557849.64073248,74.4364186204435,1933.9128682527728
5922696.721311469,0.41825901400003096,100000000000.0,-6.229319125915197,1.4159323018086305
2189793.784332331,159.87090608368564,4842887.064979225,81.91366110262597,495.47583614004805
2246409.7565228823,155.35997009184368,4568117.755507807,87.73730355060886,1878.4281391603033
2226801.095201367,165.89754409197894,4902446.942625735,82.8359372570377,544.1255035013882
4433881.027114892,129.771110011749,9698962.603027273,88.09825361942292,669.0286238767894
5816523.416370598,247.1707400609714,10793741.174980147,80.47215744899233,2467.946032148333
5829098.279097371,241.00024704345958,12135446.352973327,79.11459846792023,2045.1895572617593
5754263.138668829,232.54446406191028,9673219.175019832,79.98599536797991,2155.889983034114
6147557.681530894,199.04614703472197,10649766.246968731,85.1362958903639,1736.6008758251553
5843546.269294771,240.86138206397644,10174647.968129532,81.92527108204663,2343.81118376771
4319261.441518318,190.01591304514602,8637349.243295385,83.06541040396837,1277.3669703046814
6484596.355914854,235.0274730458166,11954036.716325162,86.15590986304697,2883.9646859713885
6334956.426682748,263.34644905352235,12446659.288542112,79.1476837916696,2350.042466186571
4390088.907276378,161.349635025029,9264625.400552474,88.26719667262857,1385.7564900854366
3827330.8294588644,226.2403240746878,7940244.783072901,75.88127482057133,1264.6604603747546
6041730.501625086,239.78893704212877,12145363.028757699,78.54889345829768,1998.2558386230098
4286198.218247415,214.7436240582666,9010203.236915614,80.80726772600406,1288.7558626936998
4286110.312761598,159.26883502214056,9468591.14015227,83.08335238253596,618.8724826662935
6523609.8314935295,149.3785550115468,12028190.356336739,85.94212432699858,654.3454530895004
7014814.962318907,255.5233540326879,14075571.662534857,74.017272987293,1978.437732802424
8707492.664995927,154.48825000546663,18106470.99598689,81.54054242086195,946.1037699155344
4226408.086619594,247.22292110580784,8494907.147849044,86.18617570488128,7765.324107784033
6351556.515702027,216.74940503085352,12376485.061382245,80.4948682037148,1368.967437287495
4412797.0578742605,164.09626502749455,9063327.630930057,87.34708581409816,1961.1809163376615
5861118.590852405,150.08956102705045,7908179.293159232,88.89919430325084,1334.3742823460316
1879915.422760341,165.54700036020137,2484310.5591611755,84.90390985610652,738.3601646974813
5527824.449707766,188.35692504738742,8454441.331768762,87.45266119948178,1870.0188690049395
4129627.3047272847,129.61197102392134,6815584.068878699,88.6211213453008,1037.3263395471272
4212499.393777474,147.10683301816385,9223156.882289378,81.90806786453888,546.9178651382539
4219017.223200399,234.36401208815926,8590613.136510765,85.93051879237119,2669.833441501591
8699589.301440407,154.44596700649592,16970197.108921457,87.22227054878222,1350.1957451979968
6259975.845471443,220.1308290403093,11608261.775807505,87.10944980649977,2335.4100317518896
2329801.750685386,118.25958203655868,4779342.253189865,86.78978737788077,537.9615956754147
2237316.159282392,198.05027225966666,3874223.8554556575,86.97403105029414,1802.4899187589447
8340475.957034218,210.93692802092156,14977970.132990144,85.04924905410333,1954.9893372935924
6475051.048948313,147.93174500913977,13016666.844239226,82.0887562064179,613.0235181191417
4383581.055545771,193.29896904274136,9161853.541940784,83.57126605962281,1244.8408860928755
6439011.98349839,163.93645501291783,13144049.282299023,88.21037186673085,1481.8146487767192
8483989.821284661,267.35450704064357,15241538.769834183,83.84757870120546,6841.358018339237
2331381.1422670945,125.16669313732902,2690535.457228683,87.43655633535538,736.9428157826281
4347817.535505436,273.3103431331881,8769618.313014504,84.47478065561283,3143.2610049426694
4037861.9124681368,247.91053413260045,7226307.889088861,78.87457589059835,1840.7189884971765
5378338.978181977,264.5558940787974,9826037.91129569,76.03503978012186,2346.3593050022364
4018948.7390959845,255.77856511468818,7988365.871051345,78.16221082023867,2057.337576837552
2307705.804886755,258.3426074637327,4332845.940177919,85.97240406965108,2747.255805099723
5102454.251878186,196.45711907029505,7339253.90521887,84.76733971511176,1567.0494779211758
2253194.1878693844,242.77004531558484,4754122.050354341,84.41244123748218,1818.6199633812053
4448836.55263208,130.26723201446717,8853934.443113454,89.41289237327456,1030.7824974218656
6572831.312619084,155.78700301068852,13263521.240464017,84.82793274230207,1025.9703615572303
1933604.7094389568,100.62344111773686,2093747.260568031,88.47431444250512,390.76275482359904
4406423.072246222,214.9630830584215,9026284.04563953,81.08790050812134,1343.375681925917
2072432.3328166422,168.04168228378805,2920410.079020886,87.85404463943213,1288.3224715565
4116020.2187221437,201.61125206785775,7706484.831070881,84.23860494474417,1819.6982714900892
3743194.295152767,130.01880004798494,4823044.516499249,89.70816554118932,2086.7331717763295
2265203.787486641,254.7971754372421,4289657.937979341,82.6311766296922,2002.044036862121
4002957.091396712,222.92379911032842,6983752.372399216,82.36244483236077,1697.1618654104218
7845210.901710008,223.49474402231016,15419772.348402403,81.27051470932577,2511.4544249441797
5511507.327506267,241.9605390958486,8500592.515912296,83.18943096582221,2105.248292884503
6191843.606943727,215.83184403396336,11879304.136670671,81.35341602539086,1323.422366997068
6049650.646284607,219.85488903985765,11520178.121868417,83.9946294042482,2461.6564049511394
6550563.8335280325,200.27646702236171,13398730.043589365,84.78854299694522,1428.1398240491023
5978626.583016766,211.52550604005737,10829051.517095739,84.08740490504165,2320.3555107539105
4371970.78647291,149.89441402568107,8111271.055615642,87.88854401333248,690.2860435024853
4403257.598575696,123.25405901205094,8921555.548054554,88.50240896654168,649.3644935698542
8391896.306110078,140.95136700603572,15255946.94313177,86.20532548396811,1198.075598952169
6331064.632281047,243.02466304215642,12504834.63410646,79.84682646481043,2063.971349994902
4308423.019873092,238.71124508668296,8607815.970935237,80.45843199830072,2045.0155166862817
2262969.189127893,145.57727706865762,4764780.7599785235,86.44343279692055,1112.1215120790587
2085785.8609967034,252.5897973767719,4345288.530588309,77.46697106671385,1736.7896066449744
4335025.6900434485,227.0388530891079,8090486.177229153,86.44656659716863,2638.5463720202342
1822999.4240522545,136.77249227042088,2198567.8107653214,88.1969804834593,919.4822017682807
4071311.4767721444,247.6130531591754,6916688.871347302,85.15206375634251,2134.619519534267
6052220.031099891,224.82676304713772,10503572.172467496,79.63311591703956,1256.6087069125338
2244699.351234118,147.78844506669085,4901381.494482774,85.30290873214079,515.6653625429551
6740946.656623695,226.81507405548106,9924129.044303222,81.51855429291517,1851.323067778834
6398646.028336906,154.75229601228838,12287008.746801142,86.44252244046095,1976.0026048216005
4226596.284007057,211.61932807074376,7878017.361712097,80.82603642048174,1284.2705073932405
7408006.404172811,265.3774890475456,13009386.051467793,77.28089763266878,2433.434245149482
8883850.97442002,161.90203400691428,17708383.008309945,87.16853328295784,1427.6247045062396
2258622.54712657,149.60753408455594,4506989.372240232,89.03664704557308,1297.2333815414056
2260509.1426677704,216.61964521928923,4811425.147018269,84.64258050877653,3714.9132944771263
6576691.8408640055,220.30937002988992,13159058.035753082,82.39830071733381,1591.3673145787416
8414927.520793494,216.17724402114362,15129637.707434086,81.83215319973823,1388.3261195996986
7997932.901145977,209.84969301772057,15647252.459170902,81.03542545411248,1956.2620696259394
6412112.186855047,159.04946901111884,13573148.069777966,87.26968548367425,1368.42088271477
5588937.454050886,228.20728307737443,8674804.194985485,83.11860862147951,1623.0136366649424
4280578.8904876765,123.06096403234314,5378511.423213859,85.9015462826383,631.5615784599652
4439702.33781535,158.8060470236321,9236439.107822629,85.41554686082205,773.3451446665141
6521201.067931666,119.22826700539169,12498109.885171637,86.75037548113671,617.6704859906777
2196312.1055176887,189.33089514984798,4727139.729664027,83.37600788840271,1096.7015387355461
7826858.359546415,155.26098101030783,12744128.019275362,79.31465765529494,559.4630669388104
5885376.640067409,203.39756804020777,9881793.916246561,81.19782186393729,1122.6320183474538
6329974.680352193,195.48273302827297,11584583.828901164,86.74405882821726,1360.8212515798757
2327230.4255639366,262.17157442183185,4623804.250676181,84.48327716171096,2496.5982476718536
6232004.67883439,145.28711401389302,10588951.363224156,88.26009752462781,1678.5700070869111
6389171.503682912,160.84238701281288,12720192.659983622,86.65714920924768,1972.9886864030916
6071730.616034189,216.3461930295221,12500734.581557581,79.67434415473672,1334.7386351542975
3990804.596780846,224.3996450932951,7230926.965788754,77.08473235679857,1236.8772275350118
6592624.667767355,150.5772570099424,13156013.150963068,87.08560780258807,891.4570068937192
2149971.2695508753,218.00471641781428,3524077.8081963216,84.8948788332222,1634.3316029551252
4467027.796793488,123.67010601031431,9629871.2813059,87.47569108144151,590.8968455437825
4146301.838482373,206.43153706825962,7940947.874475326,85.02780096193483,1893.3868072990713
5700300.431174103,241.4154020604333,10242254.692808103,79.15376334843121,2298.5341260015316
6524237.529085766,149.10413400853847,13854488.457506407,83.24047898429407,609.8225394216913
5959820.155597397,233.01028204768923,11131933.279035512,79.97628263330004,1874.5343572576744
4643530.779006138,170.97498103123797,9038736.303789554,86.9538722571421,2701.6101089565595
3877109.7468968644,129.18138401349037,9022273.853098577,86.872925072617,1883.6382827999269
6120319.481308938,209.93632503285028,11829704.163749278,84.22163357340092,1991.0570602256603
2279858.324062459,213.24643823394734,4550210.29634217,84.47634049054324,1284.7472907217577
8288251.048381314,194.3683770130747,16396784.187987681,81.94386261872432,1312.7989402503808
4216746.330264649,248.14955010240075,8688528.588612117,85.62326301923531,7430.088343791206
6542668.397638824,163.0739230126527,12728785.630978264,81.94814139652546,956.7298711588343
6422376.86341888,166.97322501532622,12361252.02866766,88.11540345292943,2059.8568880838448
2251468.2149954587,210.9793492463583,4325948.352082,83.260832681937,1266.1109320036876
6308863.056662465,141.2885200188715,8729876.37911964,87.76939091371634,742.5652245625372
4283089.440284992,154.77750002503174,8664481.44714924,86.25805966488079,1907.9836086678085
6495787.652999955,148.18215700856334,13575676.93886743,82.09800682216814,601.0533219805451
4342787.443523124,147.14743401790972,9289300.74266259,81.92163346109845,548.6972665677431
4073189.20436297,227.42241108069013,7877488.482229956,77.26314979856164,1298.8654075480188
4283075.901013115,162.27031802984462,8512814.417946823,86.46845296060567,2483.701034410723
5496447.939897087,117.01613101245471,8013971.2635708405,87.82203485883171,755.8070502959113
3993786.4796901965,245.9989151264367,7476371.949121805,81.08050112063782,2407.521116015968
4344906.905012756,146.93818601810278,9214743.556412717,81.82308726428383,550.6164534007272
7289152.206939202,238.72691502616308,14952393.854768567,76.59075328324417,2062.4316499839165
4327268.990420549,190.26213104503526,8673054.250319034,83.16309868430493,1279.3971269826584
4366484.552603793,145.2153100202482,8770912.167463005,86.82006507308547,1267.2889968600193
6049936.579107397,167.579136013644,12061338.303061102,76.58212979360913,655.0053498630496
4442435.3299658075,195.59672204274952,9356053.738084964,84.48551538543522,1319.110415256187
2044521.9584944146,224.69072925650346,4496589.869536459,78.78061565436577,1138.2102817558873
8460266.826182624,168.16349201051662,15147128.715394823,87.81955444704141,2531.715082159398
5668535.158261114,254.73780605440749,11041588.842093924,74.81697213381496,1974.1439068986629
2354126.7977638706,165.32831509894953,4813333.09191798,88.01026896502546,1836.609498264916
5299329.909171513,151.5853990244664,7962168.233233295,79.36986242386249,478.17903096415955
5980088.692808337,215.03432703130693,12038036.096307393,79.21922658761737,1309.14406610173
8209721.35282042,161.15991100838352,14993392.99871225,78.80978296227279,638.7235899477197
4314403.823733513,231.61394808040097,8690536.10583255,82.65773167796928,1550.6184265727488
4031747.057548401,212.16820906396828,8219448.500975806,79.14606869758471,1266.9567620923888
8576345.296907712,121.63423300287961,17761150.032081738,85.37724349890128,620.0489781404688
2247618.6372082713,185.48526218680726,4129641.9106090246,86.03368627899984,1227.0080465325786
2166783.360760636,210.84058120817468,4644735.0339818485,81.22465955781263,1146.0474537768255
6475626.758920225,159.94064501078665,13451102.204153284,81.22346649583538,660.7218017223059
6058432.866066622,183.62621303049602,10041341.840447862,87.02727027310985,1159.588308338441
4513506.198619377,181.79672608030236,6031231.8409246635,83.1378010708738,990.2597950383124
6029696.080580183,242.20617104270968,12368684.13414337,79.71690765155998,2108.731826199972
4129349.577805792,207.0921530627678,8301635.756029691,83.06072074373998,1903.801088790353
4229114.135639856,230.67914107403993,8978227.72301942,81.94734659399201,1545.4066810020875
6404072.333962609,142.633811010449,11869001.840237694,87.21736368489441,1228.0586977978928
6200015.107795999,204.7028030338776,11345983.38842397,86.621889720327,7917.269715262629
6263714.905119029,211.5093730366193,11123284.346938685,81.4133943524164,1242.1104530441323
2284955.343161976,219.3230992766365,4371711.916115119,84.82170023923784,2451.4792229147056
4116371.6720550996,238.63836608720197,8541410.298152255,80.01413963043932,1946.086999732544
4013898.5812348076,257.0492911138268,8271915.309582423,79.33004737489908,2519.3016063908613
6001786.735173646,228.36668006205176,9787289.998542003,86.40742481617372,2338.1758637531416
5897482.329392636,228.8592800344015,11986014.371744376,75.59612181469363,1383.0039066687893
6311386.4080654355,160.46415301170418,12631000.855098164,79.6678433909059,638.8714841613192
4218903.883469607,228.8681080782867,8315081.314284859,78.93373670901674,1343.904745717148
2190184.877179302,198.63133625483783,3912210.1399647663,86.28232350440804,1801.1157664729708
2303392.3881235886,188.8021631532391,4683142.21076512,84.62650350886366,1203.7666246983595
7487698.101749372,209.93733703394955,11789671.296463026,88.15752322917275,10530.426933473813
7896256.334201441,207.99097702411268,13478079.109804597,82.84125370732708,1229.4658402287193
8091563.91427143,139.57222500770084,13377120.59207153,87.46480001959418,1578.669097457966
4179229.151912369,231.54158211599793,7327150.930524436,85.13667759702223,1870.5143762470047
2330589.488088765,145.71641307413464,4586252.12659276,85.64303727973241,598.6532538556975
7508276.433520758,214.61198203167552,12098706.05940329,80.84454460315953,1571.997753559769
4188280.38859003,259.5263411217732,8236729.952317587,81.24333614530165,2121.103248920176
4084231.120429337,154.77541103751025,6844353.998611986,81.17393413627188,555.4018554054622
8460086.884317989,218.25280102134354,15544085.141894419,85.38609288075696,2122.213193093412
6501806.553358965,147.9962130090371,13123549.750856532,82.14955894262566,613.877124763098
3869145.7360150674,184.16810108471864,6052836.808691191,85.02574924983028,1833.8323866680666
4518841.757984417,252.8389101045175,8876023.964156335,86.36475033874754,3454.0436307167847
8699332.061570149,150.3973890066622,15837450.557551019,85.60400726780729,686.2319167796663
7860879.073776736,236.57687602884553,14703742.255921464,80.40987717850383,1949.643790903637
4456881.706962128,228.6208470722697,9167024.938477697,86.10397233728439,2293.64879550846
6563485.814512391,220.67253503061866,12987498.51186623,81.9252706114263,5313.123618782583
2631295.140260762,0.2791910980000349,100000000000.0,-3.6640578591606356,1.2803329016166427
4506570.721969091,160.5786820251789,9043277.926241033,84.08991509941231,683.3936454737178
3922990.4767258577,219.92835310462158,6760688.451653932,78.74183804509478,1137.7756837217942
4160441.0129095525,257.52071310400845,8527533.794214709,77.59504141072715,2061.9415290868756
6231797.83466711,239.40965104653836,11868171.166333584,81.33982658099481,2102.1100632804846
2288648.615472874,146.17169106717054,4783494.545872514,83.69186594197348,521.3682266022334
6560316.776579611,150.76382901016933,12937767.25189664,85.6969482533684,679.6442395746051
6329497.329257575,249.18967904797165,12556466.964286633,84.13723556201948,5312.917537779719
4073199.4578129747,213.30281106471944,8359769.578446916,80.28533724438572,1290.1660354868557
4465766.784349858,166.33813803121166,8667866.298667518,87.19338036085796,2550.4774770855497
8516649.861938754,199.9211720140999,16778353.365367845,84.41991275165654,1435.6579089235256
8214641.772805306,264.9573360380976,15338699.887924688,82.10461556370527,2995.963551653711
4114018.3031045836,238.02356508898018,8432109.383983107,80.37544867131732,2019.7915858047438
4328662.312627652,221.85374606643316,9120753.12117432,85.44336036447395,2035.4600296562646
2360966.3777718325,250.54699534378204,4801018.050048941,86.14770338907967,2236.7907780744827
2120748.964233271,129.66760010798907,3162737.816075079,87.05447203738329,483.91976054904353
6132615.940590269,254.18792607286028,10614292.15884308,85.21146894103586,2881.4122319280473
5305228.417597074,254.78692808373697,9265762.419267287,77.29471532401888,2167.253734866706
6152973.030295162,244.0976800649106,10428579.715540858,82.98541709045598,2460.4727221466883
4399260.256520965,146.66827201908464,9149841.385029165,85.7451208396194,1227.8532823786113
4331599.305474627,200.51177705051737,9012630.790132226,86.67052187291816,1417.1814684415026
6157459.655700578,189.9896510231658,11974489.414907264,82.45955782580741,1257.5551251732081
6097426.000261983,256.0650750565743,11706252.765831748,79.2777339362818,2598.8580106823465
4389136.552441672,150.19124501862046,9574106.018448627,86.25935414057713,647.7953285905002
6027004.935785174,256.39821906308936,11241401.840105534,80.5701948345449,2158.4466099259944
2189869.204076572,212.35467221575263,4675104.998184922,83.27970723108028,1198.6922510107856
4147971.8918565703,191.4472990426541,8986079.340662414,82.5275464492576,1218.5727184495117
4267985.8376782695,229.04269707829602,8749830.284434756,83.93461807578203,2553.2127156582333
8481164.701584637,151.7680410061797,16922873.5231348,86.70408435387404,1327.9683743236321
8473933.146152547,229.28011902138076,16154248.81125337,80.20620509867001,2169.0532863028457
2169765.716881956,254.01593439297133,4421561.567178402,80.07535413611005,1881.0424596059581
7904853.369735758,231.72674002202555,15634364.633626278,77.48179837512812,1502.3521912786798
4406155.175067232,192.74165804323866,9073681.381071297,83.73715927421937,1281.734335394691
2328990.774721303,156.41786308888516,4680709.6025818465,87.19832589596886,1816.287260673053
8083911.382747344,155.28444400751607,15698477.192490872,85.47983551560507,2004.5315235058108
2295924.036835202,206.38876521484772,4524405.440980836,84.46499770571454,1878.6898799089615
3935154.091346112,226.06356207246938,8037820.426521529,75.63097467710716,1270.9382795293732
8500723.894413473,175.50910200966663,16853889.030026935,87.30709973300434,2218.7579381519745
1316303.9252819323,38.054229000196436,11883851.567856811,85.86101900687059,45.545041945978035
2193896.888468152,165.6954371050176,4535570.167697322,80.97760615651046,589.0952434880327
2238213.1292564585,217.00606627409223,4310664.929542149,84.48056860573573,2502.471015075205
4240433.029826987,198.40093807376033,7319117.591794065,86.197820560527,1741.1729152093833
2316940.474026766,123.99128603905201,4951290.749720876,88.54369436044556,545.9368897445654
4007385.008091224,236.49901409088832,8182246.16744996,79.87206113817254,1948.3041647747043
4191766.7402216475,228.7335780698876,8895357.493483327,79.17191005688456,1383.9139724279657
3931737.9345300384,210.23058611998607,6161701.149526089,84.3390787923491,1492.7178264984768
8268867.590519445,194.7015140140263,15926417.671962116,83.34310751805371,1316.3921493686641
6483775.019221704,165.5143400156068,12117607.913777586,87.30908596484288,2561.294292251857
6232306.78227018,227.64784203934872,12157412.820635583,83.94795504517387,2694.645843293684
6089796.970204612,214.21253602815725,12337411.859985845,77.58880405659087,1333.6552943467289
4389700.782059037,164.08996102939656,8727217.993639966,85.8480579347154,2466.519602470446
2312123.7925715493,237.9774773537663,4377604.726032651,85.36294567401873,2011.5532961414701
2282984.3470294275,122.36392603728454,4961168.691725804,87.79534879899161,513.760599733653
4376291.214443591,159.43766602216553,9400446.077393834,81.81107224572061,588.504891027817
6480959.230701867,121.0956960050321,13338938.856879491,86.46690513282758,610.0327491455049
2345097.7403664547,149.20964108954394,4349095.344303758,87.6822697961809,1922.671540990647
2117168.185161606,232.72894634059045,4219280.9968519835,82.07418922838626,1876.72276376466
6302626.676105771,160.37439201147552,13076536.289052596,81.61977028544332,674.9385491064475
3805791.755990303,204.81144612741366,5823868.7810342405,85.55141082288064,1421.3929188199154
6211881.333464929,213.542010039955,11025037.793815188,84.47769292301153,1361.9837550158102
6177162.065554518,216.43412003008183,12432412.02691973,79.93126644772661,1347.1642563327478
6568448.9682878535,164.1481280119744,13730678.065641534,87.38037493559179,1433.8574069225594
6083501.751046779,212.72013903871343,11068014.460878212,83.18615935724368,2360.357651326925
5790989.406247426,251.78561305769375,10677243.431287292,75.73977118115977,1967.2793117975223
2385915.661279008,197.03574115529833,4957752.699965309,86.65608890234289,1229.279952069542
2258662.3265348226,218.87536523236056,4774110.592321975,86.617000917722,1411.2312876621409
3950577.4619639823,222.32641810418434,6991010.873735549,79.81415171831236,1177.8103673261737
2305997.1684966753,213.89780220192736,4870801.304395108,83.47129570791127,1181.942079452763
4345455.160292692,196.3982630464005,9080085.943159828,85.47195667776444,1333.5857044258323
5115520.121867666,209.98878807638545,7518723.218648848,80.43714577231455,1261.710948378531
6062483.421851619,227.0376580456924,10889603.9459628,79.79254725862738,1310.9321695037233
2392405.671220064,169.69277210444707,4864672.544316379,88.25516101229594,1969.121403745702
7173780.231199046,225.67627003944412,11811244.66753057,81.61267028825814,2018.5291512328918
4307759.460214511,158.79079103080608,8081994.891169206,88.65750540115515,1947.1784334088138
8353927.377275766,192.369099012642,16216414.68748994,80.6823004547577,1330.9847666275211
7197995.941275189,185.91521902468082,11421721.20789489,84.85940240913271,1818.0909831751376
2242271.173209699,149.37299706697002,4970450.750176753,85.9945819511772,507.57263992420894
4480698.241360928,205.06634204957166,9388903.524490133,86.15805725906353,1633.003842507669
6191895.288956221,210.14809004218262,10462283.715376617,85.28962144452366,1406.6743567933852
6384486.584316392,149.66400601293026,11499533.941260008,87.36281253810714,1804.7949891121934
4160414.070913533,258.85985110600654,8624313.95438905,78.44561413198599,2009.5979302213866
4349849.89175181,190.6762140416497,9001533.179189684,81.93598890824045,1225.609709607498
2209957.546761354,203.10753922677029,4284378.337961146,84.32786437829161,1871.8286574887582
7773793.569343531,253.7304250335741,14684209.208713513,77.56850627489008,2559.0931591664194
4111400.4412070173,193.9964650775356,6913895.604727533,86.80948430841659,1650.4300659541836
4083302.1762232967,213.9702080615003,8677257.15858521,80.5057360455764,1285.456601269072
4298662.679009163,159.75699002714546,8283512.560511664,79.67337195442408,619.3830615566532
8739268.927482262,150.19887300515666,18016462.800707094,83.16953452046813,674.0332597136104
4277664.892413121,187.9903350515801,7928899.784095211,84.77329744051094,1234.2957827539067
5864849.919189981,198.10664804410283,9432399.390581656,86.3831638469795,2037.8433037395114
8504689.889629563,219.05368001747016,16687631.07937206,79.66270465624119,1493.253925105132
4220301.559675444,240.80214809010855,8646294.055877877,81.65556330744845,2009.2676287569693
4339767.615106599,189.58594004731117,8417302.70995754,83.71885891669096,1276.693424552372
4320458.9859515345,147.50015601792336,9358918.848732399,82.61948743112036,554.2481475023727
5275364.14646566,172.4442600405399,7880660.655180178,85.17015353717348,1611.0039161893085
2208128.2272393266,256.3358453756584,4630722.472429423,81.010265071077,1846.063166318986
4388085.640986009,230.83925908160106,8771121.261356432,87.2631630772666,2807.208205866026
6381993.257685555,185.69018902468935,11307220.263427015,83.33726559508334,1212.7058995657494
6353170.311062667,148.53854300859632,13652078.735985346,82.53177121525165,597.7841072406011
4294889.933236068,259.41820710579543,8721017.46016905,79.06101726635421,2154.9170087914144
6719145.56854586,115.95492800832119,9728244.136378482,88.7075083664481,1446.453193399056
7067576.294929475,254.87086503419388,13931948.350378016,74.7891479876424,2035.0551272509017
4545853.477163267,158.24125602467635,9032831.888316715,86.07553163184797,1920.2601803861662
6261704.9949499555,147.86086200947753,13046727.518567018,85.51055251424535,1262.025581657333
2240187.1799581884,128.6124380819148,3645570.6497026524,88.55349787737336,1067.477225204446
5922402.928660325,229.30443603796,11612702.24740359,76.4111887096629,1351.1595172276907
4036745.607086598,166.89208302979065,7986638.843948789,76.21389929327378,612.927069930413
4350024.568330692,231.4997160800832,8742727.034370571,83.3069167365229,1679.390379020976
6363756.627821024,162.37172401100543,13444583.619156959,79.62472147534214,766.9083260655186
4279450.390009258,190.36408904521986,8663439.071381455,83.18924106129035,1270.2420867270112
2906004.77641568,106.28963404452068,3682952.109109949,85.7903830066081,290.735407479984
8739850.306461282,150.4790370056649,17241539.673873328,83.66478683595258,667.0802631142105
6309334.238493129,217.16414103010413,12535411.795481967,80.48681129457319,1368.3089677664134
6438636.45224045,139.34280700909258,12252298.911373176,88.19205727750004,2766.4536699785203
4126374.3360355515,218.40403509193095,7562834.831617779,86.6741885155834,2431.604597967753
6064617.311067238,189.92749202355668,11870343.829975698,82.32445275069524,1277.1190485732295
2211908.6310802284,208.49375821151506,4626289.933102687,84.30050441357858,1795.0151852892
3895744.724199446,184.44966207546915,6373169.152623659,84.60700985155772,1530.4166076302024
4379968.3646226805,155.30819702436395,8820648.347422877,85.6163343571559,1907.3271727551703
6077538.535486598,252.12912906709442,10869215.179603662,83.69872167702994,2578.9639619129816
4197521.655643455,202.91641907401936,7541424.34312062,86.34939767818669,1810.4718331878967
3995983.0952246864,202.61882008584183,6978988.316203232,85.24516051054806,2161.760348735704
8446938.999781067,219.55207601776794,16683114.016146574,80.15693810896705,1518.9327575895047
6333260.563802334,162.73936601473042,12136690.820895314,86.55451404791881,2496.562644492269
6431873.007896531,148.08278300937314,13168289.659449752,85.53690748697704,1268.9520760948574
5859515.518752491,172.5234120312799,9140998.165885478,87.15401084342811,1028.1200533100791
8055840.670957893,244.43572902591868,16005044.728836635,79.30888592306003,2112.3354411495543
8217400.270162713,204.569651018704,14896869.12750814,82.26040366643134,1860.306084247483
6445171.515101968,155.70269001102878,13156578.865882223,87.63999759676153,1348.8535307677057
6256148.357808198,230.2598390487917,11290300.898692979,86.86031985125574,2989.56886192148
6206097.602801652,214.57252203463395,11657942.685635911,81.16044057026447,1296.064471130994
2331665.9339929484,270.7061594903861,4539599.193982471,86.82863053595287,2910.761811328744
6135107.021281052,237.73201404410702,11812853.674108962,79.10017528772028,1979.0981426377186
5619815.984456925,217.9461640509276,9505811.346047,78.3692332674116,1111.6742877484664
5983087.5970263705,167.20186001326707,11964926.936331961,75.46840464655709,640.6965784913522
2226445.3914904576,189.8485491562079,4689398.622740032,85.23870841052273,1204.1818637169101
6451576.604014205,248.55140404787392,12467578.48063473,83.32188754727977,2435.2724346477926
2213410.327004545,249.50557044153433,4130357.658394515,83.05593547867967,2464.6522705273924
4374213.512324291,216.21244206024508,9038214.134802371,82.13877849137157,1381.6358042402235
6339541.648657231,191.31226302420433,11954171.728510791,84.02200178817266,1267.7103290522452
4184131.7484820276,198.25720706814369,7517062.9648007825,84.02618496362136,1769.3727109518438
6441283.064305913,161.35056801432594,11951013.46819613,83.05521976425888,680.5172522877932
8009446.382062098,255.15276403727376,14668151.388202501,81.73271849062219,4114.572806746427
4037430.8553737965,244.08438712532563,7363326.288149204,80.11071783749902,2363.449082054722
4295837.385199535,255.3128361204549,8106072.536509996,81.92282793280107,2665.020722888214
4188169.587329373,226.6633340912329,7610179.010096936,79.22677025318255,1295.9059465316225
4119831.802661358,204.0885640644766,7955337.350262225,83.1852240081153,1884.674222046932
6358537.907916784,159.64865501429767,11980273.042419618,86.24880010700834,2458.1456165010095
2308516.62773437,191.86888415980175,4725365.517100195,86.35797099181598,1256.918162999322
7975896.729414753,194.26985801966845,13496771.250576904,83.01709204166814,1664.1921990594933
3699720.5917638545,181.57701910784024,5309003.677783298,88.22826717261596,1173.1823285270264
6372602.806389352,217.27741103334168,12136369.357687112,81.95109484387149,1384.1697665044096
2276111.416736863,211.85023421916972,4681969.125377443,85.98558503254196,1888.7593811217077
6461222.054343306,150.12497301030936,12693458.097499004,85.14268785810671,660.3564959123883
4731775.659851113,103.16098301286111,6572291.928948841,88.65063535442559,1121.9263902055172
5786230.983922096,210.03386305760282,8937508.5165871,84.03601181054339,1505.6835434284483
7876957.814397274,220.92944202460052,14674116.95172932,82.94021072743762,6078.960316940493
5942088.39186686,222.134604049142,10069396.890379166,80.01640835099532,1216.5455874954105
5864277.883948515,235.86222104460128,11531920.530301254,78.44084229532302,1938.6748741490858
3287554.597375335,97.30658632442248,4395238.323844681,88.9994345080228,877.0713647003473
8170290.161385902,212.25670401768562,15981314.603418633,81.51238208785804,1993.7873947480546
4310055.48551025,191.21198805539345,7908203.297497402,86.50965623380814,1265.1044334947458
2206158.800125658,213.94329321130326,4783155.500157957,83.74088695764368,1159.3478877337116
2321494.144277311,124.77965813569512,2694147.0715452093,87.38786974737287,736.1946914462984
4307873.577603554,216.59081206249718,8920251.764955824,82.53886580903045,1349.8658694739458
8615406.224411903,213.86535002035035,15427751.246835822,84.87870979799739,2118.881938510948
4122503.429121658,237.75560208845377,8408050.845703598,79.96024662338947,1950.9609998556848
8127720.899412614,242.67451602559663,15790775.560759,78.66593226565854,2082.0413793269654
4083015.4382695192,236.69122508627558,8324111.49314347,78.5735198651363,1901.2458208985656
6283501.49479195,155.0028370120874,12377440.096523536,85.77600860512592,1916.2887628163023
6265292.818390405,160.21262001550105,11325431.249905417,82.1060504518132,633.6224456807673
3398899.1330304076,199.16335116889726,4763179.9819709305,82.83669069449752,1139.7684668689992
6234160.481648015,219.8237720293503,13131945.876724625,80.76201576180983,4525.017310997632
4092007.891169034,214.71227506038207,8855993.783712722,80.96645902500289,1277.801918661934
4140694.8837857647,206.82329606767422,8004215.413942979,84.86386793191414,1900.8852087301702
3662101.5322921625,157.07798407359022,5105539.220653743,85.79567007432625,1111.4128193156205
4237607.449612261,158.75041102308802,8872959.211910263,78.63245406868974,573.1588266496832
4218802.916844992,236.38732209258296,8181847.128561205,80.97630544436797,2017.7842556407934
2278080.114811401,161.97411209629584,4739974.096063425,87.9443248865025,1818.8352081322291
4311171.492786364,232.28072008637398,8559612.518810233,85.95120917111106,2796.7021194545987
6680096.783393266,148.31016500859454,13590883.48376033,82.41269817303537,623.4774313586286
4320634.196749261,217.8332150655048,8837949.511359867,83.52051346970421,1390.1845525384465
6234863.4120848095,205.58130703035292,11768675.673269236,82.02943990641724,1903.079048961066
6542201.2304884475,221.07106603005403,13310603.76157374,83.43760019750258,2008.8001461595788
7930924.549242471,207.88427702479623,13473380.009308377,85.4336174873179,1956.6614004946994
2279214.3350771484,215.7970412263713,4724032.5640188595,85.64039589803635,1322.7106846977997
8529129.51506754,159.66759400630693,17611575.269234907,81.29636757929347,759.5548833600069
6708414.6779792495,151.41629701027253,13004909.605955783,86.51922649278664,733.5409870782552
8343506.1233125795,153.39975500811389,15025486.909318263,87.47162788922726,1878.4982362571777
2323962.1356238485,256.3700323837005,4587261.61070246,80.97197640048013,2363.9035145139505
5726295.745295076,220.01652205024217,9745565.087733416,78.99155892470404,1156.2484044969392
6007581.770784984,238.3226790413708,11977687.196619295,77.3069657501983,1965.7853875685942
8081192.1408162,196.29702101306856,16744098.211967992,82.19701104116253,1354.3168449632406
4129687.7616182514,239.65285608939126,8568810.855583716,81.04166093660541,1994.3283793499504
4849797.145504804,98.68188561094699,6684305.0633388795,89.32149478507894,669.598250850245
2354835.2390761925,218.40174823224473,4766627.685237252,86.9680229011012,1925.3450141061803
4414091.507112439,275.2339561351147,8806051.49352931,84.54901142055337,3242.4262027483355
5793732.98133662,202.47610205114486,9105948.623400267,87.7996588683055,2286.3768835930337
4354593.0589936515,239.2547540842076,8750577.661957059,80.07732178928009,2026.957250756116
4213535.977975111,243.90260208981226,8895428.99689575,82.33757503372357,2034.9606974417782
6738144.538600644,125.29861500545154,13559282.87383942,88.01630369852299,659.4510677599359
4289378.560302191,141.96168801590778,9467294.244658688,83.8455394804236,1975.9477500243988
5739435.2398674125,228.26087103853726,11215270.337910999,75.29798860959664,1304.2377477042612
3932847.08180967,253.3497801873599,6411635.1227047825,82.02612874323799,2157.703556609957
4419155.550429856,173.76761703830547,8338623.378022203,88.58888103291369,2718.4686442858315
5748897.373477207,196.14805904088672,9567875.267640492,84.67861149716907,2018.1098378959139
5825720.1245967075,92.09867770653139,7765836.416593699,88.9029494182268,834.1535327097205
8427418.833674556,161.77370500792568,15678897.018300053,80.46438273423367,677.9592344489907
7879593.28067567,146.52564100805216,14097440.483679464,86.72233199379605,1876.4413166308098
6146711.842087379,210.43480902899813,12346927.87482767,81.42767855521231,1943.9929685860031
5677368.835367734,254.70214408534977,9435277.599423347,79.58875697680921,2242.7894279963393
6164444.522942798,208.83052003874047,10650956.20440683,82.3215753205681,1205.2429937531188
6450272.77651421,149.4702090101436,12831577.280993868,86.98736618119123,1302.05234127795
8174523.700811841,220.4185140176851,16930088.759358905,80.4979088677311,1516.4357904704582
8414344.183302019,215.59858302006765,15243533.880442489,80.30044210959899,1375.5285611237307
6360171.209320733,149.67477900877753,13802706.251199404,84.0898467179183,626.8958188119092
6480179.750110958,268.130581065317,12066557.62467981,83.78599769441202,3492.2957929110758
2165849.027132184,224.4831352765723,4301389.34303471,78.78866513649297,1250.3952303072379
6232224.219909171,159.90927101117717,12826586.424181448,79.07847846849054,625.3749288645253
6330933.445475743,217.46289903975836,11479348.343994187,87.03572968607004,2164.503554993306
4230851.066106024,211.74239606389,8615320.480499694,84.55771922042196,2025.912653222126
5947550.238701904,194.56973103349148,10366156.527963972,83.71892442095843,1677.0732870766692
4413728.023541019,116.01376901252853,7892052.958837258,88.16017417605434,598.534485250939
6246438.231312824,230.44856304033436,11749908.110945463,78.94806731340242,1415.457685238259
4420438.1760479575,196.1758320481235,8910416.224811705,85.84568067332422,1360.6331010680597
6487540.92601517,162.19398501083955,13514994.577359138,79.43767049887217,763.6861833625635
4366721.505555159,215.14077505885268,9017385.914724046,81.21112886263342,1309.1575562273567
6620649.860533799,170.86997601687213,12217483.48911249,87.68702616129112,2601.4510991925076
2379947.243735473,145.64936306876433,4736209.230972832,85.05215682949384,584.5975089067348
6118861.021623432,222.29002303975096,11721332.756942295,84.04581595756302,2523.8415886687985
6103811.364202067,215.07419602812044,12512663.195874965,78.31038598042022,1306.7427220408874
4553813.676996237,148.71876301741364,9663392.46363623,84.19697653986914,580.6442744764372
6284447.561643982,147.2586180107963,11948167.222271005,82.3593278398697,616.0616593461821
6404293.725823653,248.26844304657877,12556360.240937397,82.7459908570526,2293.8522616329137
3755650.3860336887,254.8748541090799,7897787.0168759795,75.95024071294411,1919.8612804340391
8690007.97326856,160.3472840068858,17484360.145141322,87.32747577189508,1417.2159243484648
5190930.300208835,113.35657601647183,6688671.418227691,87.48090639390459,530.2381094384433
2179322.0635840055,197.4659132521276,3895910.770954039,85.84933965197641,1780.072320936268
6370006.3763506515,214.6948450316795,12386698.60087294,84.4008324628593,2104.1343637560503
4221824.534287526,205.68053906387962,8137231.453233153,83.4828287929577,1901.407277491129
4296378.716614563,248.30203209358316,9028277.941735808,83.66428259819018,2219.4931756198444
6250726.882550666,168.08079001478606,12048207.162049457,79.0765817319678,695.2347130270489
4213039.484832211,236.88180908643636,8407981.838118369,79.40290864311754,2006.5525995560022
2242327.0149437906,165.98282709265754,4761689.5258095395,79.44282137595225,536.0488826356759
3675792.087284753,193.24344912098286,5410631.736017429,83.44546462477794,1259.810658500019
4404802.58330057,275.64010413937143,8704799.878807526,84.9060777721351,10143.46889816164
5680676.58173285,227.29764604178956,10770848.221891353,75.82756177317448,1278.0276327243716
6642273.397061747,160.04269901091317,13489469.941631686,82.2245638553417,700.5436563157939
1787879.374637808,162.27096045797637,2172038.0070935027,86.46006926278079,896.7513051744264
8300235.591442499,230.5608640201453,16667659.34154582,78.86608729050779,2087.7883987473137
7213227.148112739,239.52072703895024,12106632.762815267,76.20131544192516,1680.1670821391967
2200831.8981216517,200.017267309788,3577183.4588772925,83.86467974895731,1091.5603118321703
3423595.375502938,163.68698110198008,4664062.559386886,86.53317971205176,743.9342703656233
8458369.966732461,225.5867540186723,16914634.063638486,79.31720092211305,2844.0674138415434
6078035.531892303,262.72826605584555,12228504.709544148,79.61520056954983,2323.9319768299065
2230779.90529619,235.14871830305228,4531014.041537417,81.00168424621475,1786.0963696828724
8159670.251172364,193.5405160127102,16414318.513545917,81.03448106213261,1304.9601228897934
4032420.323525814,278.32569814702464,7928824.910344542,77.33842134920008,2597.1202578796638
6195109.867817615,214.7395030307039,12072279.821115073,78.83339946727408,1309.4794823423965
7813407.662484449,236.63531002616003,14880777.541493947,77.26864269023682,1970.2930183603323
7991027.066188391,161.07551000722125,15778749.166984528,77.6895314745283,644.2476886369208
6493888.011536632,203.24256102813752,12251319.261308044,87.26630418229708,1833.7020801389153
6403884.047743837,197.30663602395384,12547671.018165842,85.15082130488933,1376.390982188068
2226472.5587928323,211.28129535874322,3667190.5494986023,88.49963516257876,2325.422791499013
7691521.640499622,167.4689860077468,15265719.961264525,74.25010252115572,650.0266004135177
2322945.6245788042,221.96254224259758,4780506.759799102,87.32873089771387,2010.4091003799554
4351389.068864809,192.32173705187245,8278276.020435206,85.90201262182435,1325.2475091290116
4541389.576957676,251.91627209577547,9151078.717940914,83.97307117536847,4179.588124892647
4388140.054287965,230.08636207694337,8617603.320386926,80.30297666195644,1448.698313227339
4331502.978573692,148.1417800179246,9467168.835161917,83.63966473242176,569.6456739197973
6376712.379697209,203.7570960231464,13557975.273974877,85.0356973877338,1509.8984796717018
4241341.488285194,195.1350610619981,7773730.18849759,88.70746797163582,5300.723459400999
7986430.104631056,216.06272801719103,15847113.650498502,77.24411091504628,1338.4423317835572
5378991.489510389,141.3372340221016,8003168.6845996715,89.67242849333762,1943.2688641190923
4411314.257512866,196.7505660505309,8742630.204368109,86.39005951500496,1409.6395172957896
6361796.241679037,218.77619503215288,12452476.097168354,82.17618020575304,1421.365533793423
3352693.7126143826,142.96282307546429,4442600.516610944,87.43746560691001,944.0849721457707
3978343.8258318705,196.13948308807173,6541447.657018471,86.10205878377292,2027.5425515728205
7916777.281388914,256.9857970340244,15024055.33894288,78.48750511023114,2590.3831084562567
8144090.836948047,216.94198201889574,15630113.371185532,79.29803227687444,1351.2712013163132
6249621.16630668,0.020728808400004465,100000000000.0,-12.247515922418728,1.0301987566272717
4474727.972837564,148.54986201983206,9118577.45249568,85.27869831530516,638.8882491937975
2284726.918649398,212.27577520360072,4784788.967600692,82.78408186915433,1203.7335048776379
4263860.16388241,155.33301102518297,8689774.425468978,86.3723110252073,1909.9585497280545
6259357.058322669,217.26498102949162,12670659.726084173,80.37955922451661,1378.902704985682
4451783.399912028,119.53871201099048,8904187.907970127,87.3913203017808,609.6924212450447
8154790.278486151,180.25389901564333,13560148.817982377,83.4232698155249,1104.8016287271719
4831878.775316536,207.38928409848486,6679826.314055949,84.0912781697047,1539.9648617952857
4313412.024711573,165.65363702537468,9010659.4982964,78.52028990673018,612.2534287385479
6383907.786709045,223.96145603813548,12170611.078534538,86.60287688675905,2325.351838824172
6007879.418092907,251.82096707124103,10556135.657201849,84.77344833354131,2671.5680359170665
4245420.541615231,143.57199602845432,7277814.82423133,87.36051775081287,591.9238728224645
7365108.218126082,216.72788203136207,12243794.434251476,80.24931619773487,1583.311661144525
4358754.766730532,191.97246304330403,8996006.106666835,83.41743849534471,1276.2197440796422
6105325.910829213,226.93792605042722,10856624.431467354,87.16345399789684,2764.824077143898
2336040.3932759147,223.88215527136995,4563573.561502542,85.13168474756947,2450.0663515334836
6472544.843034688,120.04217200481672,13417599.187261503,85.35352412291722,593.6898189818227
2087390.158282197,231.9481474891265,3537645.4007673217,83.02931807632264,2164.04522179338
4123604.22874641,260.693818110499,8682097.127817458,80.02504755875775,2101.708017724119
4210057.118089571,158.87800102387024,8781239.037097394,79.18199145091229,587.164824496792
8333947.342444756,265.13242803604305,15599737.391453452,80.92575236748007,2881.4157982795923
4003968.219139697,227.12965808863336,7641300.629906559,78.18016342303959,1271.853210281941
2246580.68302711,193.73511416484197,4727730.885189708,86.86837306742277,1250.4052121424152
4066171.29222737,235.33458009078686,8055240.770176687,79.34568702491417,1930.1216146794054
6257987.207610137,229.80802403283562,12557516.419532241,77.00343002334898,1454.4349189661564
4411509.9905344825,213.04974506443548,8679582.333988113,84.98015872442278,1997.2018271132279
2166698.443993343,224.16504625891346,4433433.358510042,78.48508235628411,1207.6600743434137
2333054.576249824,199.65401517793177,4767274.617473735,87.98403348449419,1393.5380240214274
2259258.750141001,215.4672062146135,4817935.2143684905,84.90327198326115,1224.2732299124596
3140825.926693997,99.28251963384095,3830119.4996574847,89.0898062509471,583.7891035322052
4411023.646260711,249.17557110035247,8800800.498739405,84.80654013309851,2359.541374127721
5706442.574396265,227.89296603365653,11862234.588243928,74.68769950449254,1318.3545092134332
6348004.048701848,201.61981802415093,13008897.703297945,85.65016301361572,1469.9975445059977
4221984.975980554,206.24231306573148,8084078.101480545,84.38005280500906,1903.112847828578
8628263.728779403,157.26119800636465,17342676.185684033,83.154157786811,934.9745607819372
4022058.9452618132,231.89603709742292,7673891.009001568,79.84783739162692,1872.03690784224
2219293.752624386,121.44606403725152,4911137.03286742,86.94948857878975,488.76147246474244
2314423.438201393,204.83658822458997,4390047.874230911,85.45648114088817,1951.8249011065964
5763764.5744363265,185.07609203496858,9485049.811176775,84.55580519407215,1514.8998289750566
2320880.2375803837,159.6637760813887,4938445.982421814,83.77356776520652,530.3788230963237
4004008.9507371383,184.24982807978597,6251774.267310751,87.24099904370416,1493.9538479671535
5948846.18068212,130.98065700757448,12206019.056810651,86.86872140725022,2155.615858302717
4456485.127971549,251.93124009616622,9134216.956650041,83.97945190006686,4115.986034340881
6291412.23208785,197.31921902273058,12894366.799323425,84.42609689341886,1351.1169811951197
2183305.932410004,209.68847223649198,4319921.997687373,81.52553192811216,1241.3664121185739
4385430.511112038,146.92603601883425,9097282.10756511,82.98206027153819,586.4984981084572
8221877.393463476,160.38601100869985,15408415.286122184,86.09227340133614,2457.788343319734
4261852.84481094,237.50889310685386,7910418.929049593,87.72221781574882,2974.329502452361
4424661.548717845,140.32049202117292,8078905.445986626,87.41134368376017,1240.6236013735418
6249951.018009046,223.70968803698642,12097121.317332799,82.18812371749344,2554.3746171352936
6551207.220866195,201.34367302441277,12899813.963564388,85.82516202554206,1457.2423441583212
7326292.4270656705,239.67045904050235,12285695.05531772,78.57561554082245,1716.9958610588217
6315986.603792995,212.84691603214313,12175696.876026882,84.39978114680584,1992.0400313449811
5987330.966351354,259.5778010563619,11986693.679042794,79.52042338916847,2642.0423077855876
4185713.795798503,189.3444740474144,8366983.681959461,83.32499163302545,1260.287733519688
5841922.530365491,137.53722001460812,9510739.641226405,88.07167628408779,1916.0317965176246
4359865.497809921,213.62031805855884,8835109.784747193,79.99211608112381,1318.505735723315
5816681.504904292,132.71295101926248,7807874.036718466,88.32815344269088,695.3549119617503
5332221.525860968,91.4277609065408,7687432.544483763,88.67791905996826,409.6971296674875
4290953.783283915,140.80548502203004,7940634.559041283,87.69254194443458,1218.941807342999
2094417.4499028863,210.75797420888853,4598537.301007909,80.17208742988187,1089.4972248239349
6420993.0183091825,215.26411503084412,12601902.617981182,85.10414522594581,4581.297268205122
4368180.537812728,191.4985030423738,9031602.710089376,82.82506873901562,1254.6161857580103
2273613.884310104,143.9672530844575,4177384.5447771614,84.52815624649081,595.165191511917
2218430.6552796126,213.51504322263722,4699595.554468959,85.90280680903544,1798.5032482912013
6027346.458575279,179.7135000268859,10278613.089143122,84.17841647247145,1100.221349669
6189256.692799774,212.12922902890747,12519039.680310259,81.80124589477104,1970.4083624528423
4378968.974821345,146.89839502133586,8706048.105151458,87.66124229052787,1293.8149532705484
6296318.751814557,154.18799401120535,12806288.578814913,87.66991377724372,1365.0244476021448
5267148.681536627,212.42166407753328,7673907.866806045,81.92766681157941,1316.3415477673343
4315057.851297589,143.30556402125598,8366595.426152804,87.34062450007643,1250.6289393296897
2145031.161944549,128.58176409516938,3368577.9376474475,88.01501725521236,1484.8415000766809
3878969.365728194,190.305640105127,5786859.253530203,88.01144528391414,1280.3295234866055
8071656.601147519,209.7449320227023,14349646.504840754,86.05621328379789,1953.541201468266
8863902.393568164,161.64523300706676,17472825.174442884,87.4683264676826,1444.8699801300836
8069490.381547868,215.06101801812872,15407118.201789329,77.34666657784454,1353.7922312814312
8872340.237683732,205.6665940140376,17673895.599651378,84.64479850839021,2216.91418375098
6132346.33399954,159.35205901092655,12614735.19947194,77.51109533527512,603.4258734341195
4265538.033556546,183.93072206048612,7236780.252166025,87.1109534986567,1177.8316365543174
4579720.518174835,168.87370903103414,8896549.36115847,86.72176638011562,2511.9028598341833
5484391.134707746,258.82330708142894,9548039.956073629,76.98848747533482,2240.3619659433566
2245624.8321144567,254.33935746567025,4156008.649929867,83.62509946093938,1998.5212763842308
3572914.5980589883,182.1744781182174,5064574.379549016,89.05789457538181,1863.1161781293265
4124140.570609891,192.24223607008983,7103239.753937106,84.18712061790627,1664.1615630666506
4313891.632436829,214.77018608055374,7844518.413506653,87.53103605379067,2038.779415750269
5956765.200363103,198.87341303640596,10374102.953789841,85.67363629482206,1733.350725247363
5987196.033237509,239.5478000433078,12046686.285404986,79.13795954820604,2000.7295289637766
3773224.4837897313,155.2942020813917,4823592.920822201,87.96683422964703,1981.1890597273548
4513803.003029334,152.63664802069064,9353776.474025695,87.18817393865639,1267.497251372118
8727355.844374543,218.21373101752562,17075815.351388153,82.81405542147816,2695.440732302751
4339051.47174439,217.91136206997714,8655251.906110046,86.2837651775198,2068.2301385502165
4207525.511615695,261.41578612793074,8270050.285877221,83.55838538376719,2687.7554315581174
8760483.328359185,124.89436500319019,17651564.068222113,87.33023927676656,653.093424879542
2223743.7551962975,84.13758945030158,2441139.6460139044,87.86882818455433,274.9870644585841
5469230.216201333,164.67365803478407,7918415.335889588,84.89308366571468,1223.8170836472714
6322891.07549335,248.1650820519106,12169296.942914095,86.37169069713694,3877.559658006627
2198699.3546350496,245.9870854438261,4003698.0245134225,82.84009730383711,2466.404559423543
2275419.064133886,221.42119927276897,4477581.318708853,85.21577490824106,2541.149660737017
2147749.9269393655,225.67780726333064,4553407.017708782,80.79057220240703,1234.5126302819126
8130056.472071892,213.39555502008935,15435840.278340138,84.31865506771045,1982.4334197858925
4367291.971066813,292.7077021619988,8737577.081372852,82.81216304586813,4303.080041990482
6566009.783659344,149.26596100860834,13842154.636974525,83.5925125681262,624.2290448770864
4037256.858640197,252.935486127569,7794294.006966793,82.38295545468264,2527.2102440436583
2224926.5115318648,190.21745615350918,4736093.572083715,84.97438719438065,1164.453186288542
